-- Marketing Pro - Enhanced Seed Data
-- Sample data for all tables to demonstrate functionality

-- =====================================
-- CORE DATA
-- =====================================

-- Insert sample team
INSERT OR IGNORE INTO teams (id, name, slug, plan) VALUES 
(1, 'Marketing Pro Team', 'marketing-pro', 'pro');

-- Insert sample users
INSERT OR IGNORE INTO users (id, email, name, password_hash, role, team_id, department, position, status) VALUES 
(1, 'admin@marketingpro.com', 'ุฃุญูุฏ ุงููุฏูุฑ', 'hashed_password_1', 'admin', 1, 'ุงูุฅุฏุงุฑุฉ', 'ูุฏูุฑ ุนุงู', 'active'),
(2, 'sara@marketingpro.com', 'ุณุงุฑุฉ ุงููุณููุฉ', 'hashed_password_2', 'marketer', 1, 'ุงูุชุณููู', 'ูุณููุฉ ุฑูููุฉ', 'active'),
(3, 'omar@marketingpro.com', 'ุนูุฑ ุงููุญูู', 'hashed_password_3', 'analyst', 1, 'ุงูุชุญููู', 'ูุญูู ุจูุงูุงุช', 'active'),
(4, 'rana@marketingpro.com', 'ุฑูุง ุงููุตููุฉ', 'hashed_password_4', 'marketer', 1, 'ุงูุชุตููู', 'ูุตููุฉ ูุญุชูู', 'active');

-- =====================================
-- CLIENTS DATA
-- =====================================

INSERT OR IGNORE INTO clients (id, team_id, name, email, phone, company, industry, website, address, city, country, status, lead_source, assigned_to, total_value) VALUES 
(1, 1, 'ุดุฑูุฉ ุงููุฌุงุญ ููุชุฌุงุฑุฉ', 'info@najah-trade.com', '+966501234567', 'ุดุฑูุฉ ุงููุฌุงุญ ููุชุฌุงุฑุฉ', 'ุงูุชุฌุงุฑุฉ ุงูุฅููุชุฑูููุฉ', 'https://najah-trade.com', 'ุดุงุฑุน ุงูููู ููุฏ', 'ุงูุฑูุงุถ', 'ุงูุณุนูุฏูุฉ', 'active', 'ูููุน ุงูููุจ', 2, 50000.00),
(2, 1, 'ูุทุนู ุงูุฐูุงูุฉ', 'contact@zawaqrestaurant.com', '+966507654321', 'ูุทุนู ุงูุฐูุงูุฉ', 'ุงููุทุงุนู', 'https://zawaq.com', 'ุดุงุฑุน ุงูุชุญููุฉ', 'ุฌุฏุฉ', 'ุงูุณุนูุฏูุฉ', 'active', 'ูุณุงุฆู ุงูุชูุงุตู', 2, 30000.00),
(3, 1, 'ุนูุงุฏุฉ ุงูุฃุณูุงู ุงููุชูุฏูุฉ', 'info@advanceddental.com', '+966551122334', 'ุนูุงุฏุฉ ุงูุฃุณูุงู ุงููุชูุฏูุฉ', 'ุงูุฑุนุงูุฉ ุงูุตุญูุฉ', 'https://advanceddental.com', 'ุดุงุฑุน ุงูุฃููุฑ ูุญูุฏ', 'ุงูุฏูุงู', 'ุงูุณุนูุฏูุฉ', 'prospect', 'ุฅุญุงูุฉ', 3, 25000.00),
(4, 1, 'ูุนูุฏ ุงูุชุฏุฑูุจ ุงูุชููู', 'admin@techtraining.edu', '+966544556677', 'ูุนูุฏ ุงูุชุฏุฑูุจ ุงูุชููู', 'ุงูุชุนููู', 'https://techtraining.edu', 'ุดุงุฑุน ุงูุฌุงูุนุฉ', 'ููุฉ', 'ุงูุณุนูุฏูุฉ', 'active', 'ูุนุฑุถ', 4, 75000.00),
(5, 1, 'ุดุฑูุฉ ุงูุจูุงุก ุงูุญุฏูุซ', 'projects@modernbuild.com', '+966533445566', 'ุดุฑูุฉ ุงูุจูุงุก ุงูุญุฏูุซ', 'ุงูุฅูุดุงุกุงุช', 'https://modernbuild.com', 'ุดุงุฑุน ุงูุตูุงุนุฉ', 'ุงูุฎุจุฑ', 'ุงูุณุนูุฏูุฉ', 'active', 'ูููุน ุงูููุจ', 2, 120000.00);

-- Client interactions
INSERT OR IGNORE INTO client_interactions (client_id, user_id, type, title, description, outcome, completed_at) VALUES 
(1, 2, 'call', 'ููุงููุฉ ุงููุชุงุจุนุฉ ุงูุฃููู', 'ููุงูุดุฉ ุงุณุชุฑุงุชูุฌูุฉ ุงูุชุณููู ุงูุฑููู', 'ุฅูุฌุงุจูุฉ - ุชู ุงูุงุชูุงู ุนูู ุงูุฎุทุฉ', '2025-09-01 10:30:00'),
(1, 2, 'email', 'ุฅุฑุณุงู ุงูุนุฑุถ ุงูุชุฌุงุฑู', 'ุชู ุฅุฑุณุงู ุนุฑุถ ุดุงูู ููุฎุฏูุงุช', 'ุชู ุงูุฅุฑุณุงู ุจูุฌุงุญ', '2025-09-02 14:15:00'),
(2, 2, 'meeting', 'ุงุฌุชูุงุน ูู ุงููุทุนู', 'ููุงูุดุฉ ุญููุฉ ูุณุงุฆู ุงูุชูุงุตู ุงูุงุฌุชูุงุนู', 'ููุชุงุฒุฉ - ุชู ุงูุชูููุน', '2025-09-03 16:00:00'),
(3, 3, 'call', 'ููุงููุฉ ุงุณุชุทูุงุนูุฉ', 'ููู ุงุญุชูุงุฌุงุช ุงูุนูุงุฏุฉ ุงูุชุณููููุฉ', 'ููุชููู - ูุญุชุงุฌูู ููุช ููุชูููุฑ', '2025-09-04 11:00:00'),
(4, 4, 'email', 'ุฅุฑุณุงู ููุงุฐุฌ ุงูุชุตููู', 'ุนุฑุถ ููุงุฐุฌ ูู ุฃุนูุงู ุณุงุจูุฉ ูููุนูุฏ', 'ุฑุงุถูู ุนู ุงูุฌูุฏุฉ', '2025-09-05 09:30:00');

-- =====================================
-- CAMPAIGNS DATA
-- =====================================

INSERT OR IGNORE INTO campaigns (id, team_id, name, description, status, type, budget, spent, target_audience, goals, start_date, end_date, created_by, assigned_to) VALUES 
(1, 1, 'ุญููุฉ ุงูุนูุฏุฉ ูููุฏุงุฑุณ', 'ุญููุฉ ุชุณููููุฉ ุดุงููุฉ ูููุณู ุงูุนูุฏุฉ ูููุฏุงุฑุณ', 'active', 'mixed', 15000.00, 8500.00, 'ุฃูููุงุก ุงูุฃููุฑ ูุงูุทูุงุจ', 'ุฒูุงุฏุฉ ุงููุจูุนุงุช ุจูุณุจุฉ 30%', '2025-08-15', '2025-09-30', 2, 2),
(2, 1, 'ุญููุฉ ุงูุฌูุนุฉ ุงูุจูุถุงุก', 'ุญููุฉ ุฎุงุตุฉ ุจุชุฎููุถุงุช ุงูุฌูุนุฉ ุงูุจูุถุงุก', 'draft', 'social', 25000.00, 0.00, 'ุงููุชุณูููู ุนุจุฑ ุงูุฅูุชุฑูุช', 'ุชุญููู ุฃุนูู ูุจูุนุงุช ูู ุงูุนุงู', '2025-11-20', '2025-11-30', 2, 3),
(3, 1, 'ุญููุฉ ุงูููู ุงููุทูู', 'ุงุญุชูุงูุงู ุจุงูููู ุงููุทูู ุงูุณุนูุฏู', 'completed', 'social', 10000.00, 9200.00, 'ุงูููุงุทููู ูุงููููููู', 'ุชุนุฒูุฒ ุงููููุฉ ุงููุทููุฉ ููุนูุงูุฉ ุงูุชุฌุงุฑูุฉ', '2025-09-20', '2025-09-25', 2, 4),
(4, 1, 'ุญููุฉ ุงูุชุฌุงุฑุฉ ุงูุฅููุชุฑูููุฉ', 'ุชุทููุฑ ูุชุงุฌุฑ ุฅููุชุฑูููุฉ ููุนููุงุก', 'active', 'email', 20000.00, 5600.00, 'ุฃุตุญุงุจ ุงูุฃุนูุงู ุงูุตุบูุฑุฉ', 'ุฌุฐุจ 50 ุนููู ุฌุฏูุฏ', '2025-09-01', '2025-12-31', 3, 2),
(5, 1, 'ุญููุฉ ุงูุตุญุฉ ูุงูุนุงููุฉ', 'ุชูุนูุฉ ุตุญูุฉ ูุน ุงูุนูุงุฏุงุช ุงูุทุจูุฉ', 'paused', 'whatsapp', 12000.00, 3200.00, 'ุงููุฑุถู ูุงูููุชููู ุจุงูุตุญุฉ', 'ุฒูุงุฏุฉ ุงููุนู ุงูุตุญู', '2025-08-01', '2025-10-31', 4, 3);

-- Campaign metrics
INSERT OR IGNORE INTO campaign_metrics (campaign_id, date, impressions, clicks, conversions, spend, revenue) VALUES 
(1, '2025-09-01', 15000, 1200, 85, 850.00, 4250.00),
(1, '2025-09-02', 18000, 1450, 102, 920.00, 5100.00),
(1, '2025-09-03', 22000, 1800, 124, 1100.00, 6200.00),
(1, '2025-09-04', 19000, 1600, 98, 980.00, 4900.00),
(1, '2025-09-05', 25000, 2100, 156, 1200.00, 7800.00),
(3, '2025-09-21', 50000, 4200, 280, 2100.00, 14000.00),
(3, '2025-09-22', 55000, 4800, 320, 2400.00, 16000.00),
(3, '2025-09-23', 48000, 4000, 275, 2000.00, 13750.00),
(4, '2025-09-01', 8000, 640, 32, 320.00, 1600.00),
(4, '2025-09-02', 8500, 680, 34, 340.00, 1700.00);

-- =====================================
-- EMAIL MARKETING DATA
-- =====================================

INSERT OR IGNORE INTO email_templates (id, team_id, name, subject, content, type, category, created_by) VALUES 
(1, 1, 'ุฑุณุงูุฉ ุงูุชุฑุญูุจ', 'ูุฑุญุจุงู ุจู ูู ุนุงุฆูุชูุง!', '<h1>ูุฑุญุจุงู {{name}}</h1><p>ูุณุนุฏ ุจุงูุถูุงูู ุฅูููุง...</p>', 'marketing', 'ุชุฑุญูุจ', 2),
(2, 1, 'ุนุฑุถ ุฎุงุต', 'ุนุฑุถ ุญุตุฑู ุฎุงุต ุจู!', '<h1>ุนุฑุถ ูุง ููููุช</h1><p>ุงุญุตู ุนูู ุฎุตู {{discount}}%...</p>', 'marketing', 'ุนุฑูุถ', 2),
(3, 1, 'ุชุฃููุฏ ุงูุทูุจ', 'ุชู ุชุฃููุฏ ุทูุจู ุฑูู {{order_id}}', '<h1>ุดูุฑุงู ูุทูุจู</h1><p>ุชู ุชุฃููุฏ ุงูุทูุจ ุจูุฌุงุญ...</p>', 'transactional', 'ุทูุจุงุช', 3),
(4, 1, 'ุงููุดุฑุฉ ุงูุฅุฎุจุงุฑูุฉ', 'ุขุฎุฑ ุฃุฎุจุงุฑูุง ูุชุญุฏูุซุงุชูุง', '<h1>ูุดุฑุชูุง ุงูุดูุฑูุฉ</h1><p>ุฅููู ุขุฎุฑ ุงูุฃุฎุจุงุฑ...</p>', 'newsletter', 'ุฃุฎุจุงุฑ', 4);

INSERT OR IGNORE INTO email_campaigns (id, team_id, name, subject, sender_name, sender_email, status, sent_count, delivered_count, opened_count, clicked_count, created_by) VALUES 
(1, 1, 'ุญููุฉ ุงูุนูุฏุฉ ูููุฏุงุฑุณ - ุจุฑูุฏ ุฅููุชุฑููู', 'ุงุณุชุนุฏ ููุนุงู ุงูุฏุฑุงุณู ุงูุฌุฏูุฏ', 'ูุฑูู ุงูุชุณููู', 'marketing@marketingpro.com', 'sent', 5000, 4850, 2425, 485, 2),
(2, 1, 'ุนุฑุถ ุงูุฌูุนุฉ ุงูุจูุถุงุก', 'ุฎุตููุงุช ุชุตู ุฅูู 70%!', 'ูุฑูู ุงููุจูุนุงุช', 'sales@marketingpro.com', 'sent', 8500, 8200, 4100, 820, 2),
(3, 1, 'ุงููุดุฑุฉ ุงูุฅุฎุจุงุฑูุฉ - ุณุจุชูุจุฑ', 'ุขุฎุฑ ุฃุฎุจุงุฑ ุงูุดุฑูุฉ', 'ุฅุฏุงุฑุฉ ุงููุญุชูู', 'news@marketingpro.com', 'sent', 12000, 11500, 3450, 345, 4),
(4, 1, 'ุชุฐููุฑ ุจุงูุฏูุฑุฉ ุงูุชุฏุฑูุจูุฉ', 'ูุง ุชููุช ูุฑุตุฉ ุงูุชุณุฌูู', 'ูุฑูู ุงูุชุฏุฑูุจ', 'training@marketingpro.com', 'scheduled', 0, 0, 0, 0, 3);

-- =====================================
-- SOCIAL MEDIA DATA
-- =====================================

INSERT OR IGNORE INTO social_accounts (id, team_id, platform, account_name, account_id, is_active, followers_count, following_count, posts_count, created_by) VALUES 
(1, 1, 'facebook', 'Marketing Pro Official', 'marketingpro_official', 1, 15000, 500, 250, 2),
(2, 1, 'instagram', '@marketing_pro_sa', 'marketing_pro_sa', 1, 25000, 1000, 180, 2),
(3, 1, 'twitter', '@MarketingProSA', 'marketingprosa', 1, 8500, 2500, 320, 3),
(4, 1, 'linkedin', 'Marketing Pro Saudi Arabia', 'marketing-pro-saudi', 1, 5000, 3000, 95, 4),
(5, 1, 'tiktok', '@marketingpro.sa', 'marketingprosa', 1, 12000, 150, 45, 4),
(6, 1, 'youtube', 'Marketing Pro Channel', 'marketingprochannel', 1, 3500, 100, 25, 3);

INSERT OR IGNORE INTO social_posts (id, team_id, content, platforms, status, scheduled_at, published_at, engagement_rate, likes_count, shares_count, comments_count, reach, impressions, created_by) VALUES 
(1, 1, 'ูุตุงุฆุญ ูุนุงูุฉ ููุชุณููู ุงูุฑููู ูู 2025 ๐', '["facebook", "instagram", "twitter"]', 'published', '2025-09-05 10:00:00', '2025-09-05 10:00:00', 4.5, 450, 85, 32, 12000, 15000, 2),
(2, 1, 'ุงุญุชูุงูุงู ุจุงูููู ุงููุทูู ุงูุณุนูุฏู ๐ธ๐ฆ', '["facebook", "instagram", "linkedin"]', 'published', '2025-09-23 14:00:00', '2025-09-23 14:00:00', 8.2, 1200, 250, 180, 25000, 35000, 4),
(3, 1, 'ุฏูููู ุงูุดุงูู ูุฅูุดุงุก ุญููุฉ ุฅุนูุงููุฉ ูุงุฌุญุฉ', '["linkedin", "twitter"]', 'published', '2025-09-04 16:30:00', '2025-09-04 16:30:00', 3.8, 280, 45, 22, 8000, 10000, 3),
(4, 1, 'ูุฑูุจุงู: ูุฑุดุฉ ุนูู ูุฌุงููุฉ ุญูู ุงูุชุณููู ุจุงููุญุชูู', '["facebook", "instagram", "twitter", "linkedin"]', 'scheduled', '2025-09-08 12:00:00', NULL, 0, 0, 0, 0, 0, 0, 2),
(5, 1, 'ุดูุฑุงู ูุซูุชูู - ุชุฌุงูุฒูุง 50 ุฃูู ูุชุงุจุน! ๐', '["instagram", "tiktok"]', 'published', '2025-09-02 20:00:00', '2025-09-02 20:00:00', 12.5, 2500, 500, 350, 40000, 50000, 4);

-- =====================================
-- WHATSAPP DATA
-- =====================================

INSERT OR IGNORE INTO whatsapp_contacts (id, team_id, phone_number, name, status, last_message_at, total_messages) VALUES 
(1, 1, '+966501234567', 'ุฃุญูุฏ ุงููุฌุงุญ', 'active', '2025-09-05 14:30:00', 15),
(2, 1, '+966507654321', 'ูุทุนู ุงูุฐูุงูุฉ', 'active', '2025-09-04 16:45:00', 8),
(3, 1, '+966551122334', 'ุฏ. ุณุงุฑุฉ ุงูุทุจูุจุฉ', 'active', '2025-09-03 11:20:00', 5),
(4, 1, '+966544556677', 'ูุนูุฏ ุงูุชุฏุฑูุจ', 'active', '2025-09-05 09:15:00', 12),
(5, 1, '+966533445566', 'ุดุฑูุฉ ุงูุจูุงุก', 'active', '2025-09-01 13:00:00', 3);

INSERT OR IGNORE INTO whatsapp_messages (id, team_id, contact_id, type, content, status, direction, sent_by, sent_at, delivered_at, read_at) VALUES 
(1, 1, 1, 'text', 'ูุฑุญุจุงู ุฃุญูุฏุ ูุดูุฑู ุนูู ุงูุชูุงูู ุจุฎุฏูุงุชูุง. ูุชู ูููููุง ุชุฑุชูุจ ุงุฌุชูุงุนุ', 'read', 'outbound', 2, '2025-09-05 10:00:00', '2025-09-05 10:01:00', '2025-09-05 10:05:00'),
(2, 1, 1, 'text', 'ุดูุฑุงู ูููุ ูููููุง ุงูุงุฌุชูุงุน ุบุฏุงู ูู ุงูุณุงุนุฉ 2 ุธูุฑุงู', 'read', 'inbound', NULL, '2025-09-05 10:10:00', '2025-09-05 10:10:00', '2025-09-05 10:11:00'),
(3, 1, 2, 'image', 'ุฅูููู ููุงุฐุฌ ูู ุชุตุงููู ุงูููุงุฆู ุงูุชู ุฃูุฌุฒูุงูุง', 'delivered', 'outbound', 4, '2025-09-04 15:30:00', '2025-09-04 15:31:00', NULL),
(4, 1, 3, 'template', 'ูุฑุญุจุงู ุฏ. ุณุงุฑุฉุ ูุฏููุง ุนุฑุถ ุฎุงุต ููุนูุงุฏุงุช ุงูุทุจูุฉ ูุฐุง ุงูุดูุฑ', 'read', 'outbound', 3, '2025-09-03 09:00:00', '2025-09-03 09:01:00', '2025-09-03 11:20:00'),
(5, 1, 4, 'document', 'ุนุฑุถ ุงูุฎุฏูุงุช ุงูุชุณููููุฉ ุงูุฎุงุตุฉ ุจุงููุนุงูุฏ ุงูุชุนููููุฉ', 'delivered', 'outbound', 2, '2025-09-05 08:45:00', '2025-09-05 08:46:00', NULL);

-- =====================================
-- CONTENT CALENDAR DATA
-- =====================================

INSERT OR IGNORE INTO content_calendar (id, team_id, title, content, content_type, platforms, status, assigned_to, due_date, publish_date, tags, created_by) VALUES 
(1, 1, 'ููุดูุฑ ูุตุงุฆุญ ุงูุชุณููู ุงูุตุจุงุญูุฉ', 'ูุตูุญุฉ ุงูููู: ุงุณุชุฎุฏู ุงููุงุดุชุงูุงุช ุงูููุงุณุจุฉ ูุฒูุงุฏุฉ ุงููุตูู', 'post', '["instagram", "twitter"]', 'published', 4, '2025-09-06', '2025-09-06 08:00:00', '["ูุตุงุฆุญ", "ุชุณููู", "ุตุจุงุญ"]', 2),
(2, 1, 'ููุฏูู ุชุนูููู: ููููุฉ ุฅูุดุงุก ุญููุฉ ุฅุนูุงููุฉ', 'ุดุฑุญ ููุตู ูุฎุทูุงุช ุฅูุดุงุก ุญููุฉ ุฅุนูุงููุฉ ูุนุงูุฉ', 'video', '["youtube", "facebook"]', 'in_progress', 3, '2025-09-08', '2025-09-10 16:00:00', '["ุชุนูููู", "ุญููุงุช", "ููุฏูู"]', 2),
(3, 1, 'ููุงู: ุงุชุฌุงูุงุช ุงูุชุณููู ุงูุฑููู 2025', 'ููุงู ุดุงูู ุญูู ุฃุญุฏุซ ุงุชุฌุงูุงุช ุงูุชุณููู ุงูุฑููู', 'article', '["linkedin", "website"]', 'review', 2, '2025-09-12', '2025-09-15 14:00:00', '["ุงุชุฌุงูุงุช", "2025", "ุชุณููู ุฑููู"]', 3),
(4, 1, 'ูุตุฉ ุงูุณุชูุฑุงู: ุฎูู ุงูููุงููุณ', 'ููุทุงุช ูู ููุชุจูุง ููุฑูู ุงูุนูู', 'story', '["instagram"]', 'approved', 4, '2025-09-07', '2025-09-07 12:00:00', '["ุฎูู ุงูููุงููุณ", "ูุฑูู"]', 4),
(5, 1, 'ุฅูููุฌุฑุงููู: ุฅุญุตุงุฆูุงุช ูุณุงุฆู ุงูุชูุงุตู', 'ุชุตููู ุฅูููุฌุฑุงููู ุจุฃุญุฏุซ ุฅุญุตุงุฆูุงุช ุงูููุตุงุช', 'image', '["facebook", "instagram", "linkedin"]', 'planned', 4, '2025-09-10', '2025-09-12 11:00:00', '["ุฅุญุตุงุฆูุงุช", "ุฅูููุฌุฑุงููู"]', 2);

-- =====================================
-- ANALYTICS DATA
-- =====================================

INSERT OR IGNORE INTO analytics_summary (team_id, date, total_campaigns, active_campaigns, total_clients, new_clients, total_users, active_users, email_sent, email_opened, whatsapp_sent, whatsapp_delivered, social_posts, social_engagement, total_revenue, total_spend, roi) VALUES 
(1, '2025-09-01', 5, 3, 5, 1, 4, 4, 2500, 1200, 150, 145, 8, 2500, 15000.00, 8000.00, 87.5),
(1, '2025-09-02', 5, 3, 5, 0, 4, 4, 2800, 1400, 180, 175, 6, 3200, 18500.00, 9200.00, 101.1),
(1, '2025-09-03', 5, 3, 5, 1, 4, 3, 3200, 1600, 200, 195, 10, 4100, 22000.00, 11000.00, 100.0),
(1, '2025-09-04', 5, 3, 5, 0, 4, 4, 2900, 1450, 220, 210, 7, 3800, 25000.00, 12500.00, 100.0),
(1, '2025-09-05', 5, 3, 5, 0, 4, 4, 3500, 1750, 250, 240, 9, 5200, 28000.00, 14000.00, 100.0);

-- =====================================
-- ACTIVITY LOG
-- =====================================

INSERT OR IGNORE INTO activity_log (team_id, user_id, action, resource_type, resource_id, description, ip_address) VALUES 
(1, 1, 'create', 'campaign', 1, 'ุชู ุฅูุดุงุก ุญููุฉ ุฌุฏูุฏุฉ: ุญููุฉ ุงูุนูุฏุฉ ูููุฏุงุฑุณ', '192.168.1.100'),
(1, 2, 'update', 'client', 1, 'ุชู ุชุญุฏูุซ ูุนูููุงุช ุงูุนููู: ุดุฑูุฉ ุงููุฌุงุญ ููุชุฌุงุฑุฉ', '192.168.1.101'),
(1, 3, 'create', 'email_campaign', 1, 'ุชู ุฅูุดุงุก ุญููุฉ ุจุฑูุฏ ุฅููุชุฑููู ุฌุฏูุฏุฉ', '192.168.1.102'),
(1, 4, 'publish', 'social_post', 2, 'ุชู ูุดุฑ ููุดูุฑ ุงุญุชูุงูุงู ุจุงูููู ุงููุทูู', '192.168.1.103'),
(1, 2, 'send', 'whatsapp_message', 1, 'ุชู ุฅุฑุณุงู ุฑุณุงูุฉ ูุงุชุณุงุจ ูุฃุญูุฏ ุงููุฌุงุญ', '192.168.1.101'),
(1, 1, 'login', 'user', 1, 'ุชุณุฌูู ุฏุฎูู ุงููุฏูุฑ', '192.168.1.100'),
(1, 3, 'create', 'content', 3, 'ุชู ุฅูุดุงุก ูุญุชูู ุฌุฏูุฏ: ููุงู ุงุชุฌุงูุงุช ุงูุชุณููู', '192.168.1.102');

-- =====================================
-- INTEGRATIONS & SETTINGS
-- =====================================

INSERT OR IGNORE INTO integrations (team_id, name, type, provider, is_active, created_by) VALUES 
(1, 'SendGrid Email', 'email', 'sendgrid', 1, 1),
(1, 'Meta Business', 'social', 'facebook', 1, 2),
(1, 'Google Analytics', 'analytics', 'google', 1, 3),
(1, 'WhatsApp Business API', 'sms', 'whatsapp', 1, 2),
(1, 'Mailchimp', 'email', 'mailchimp', 0, 1);

INSERT OR IGNORE INTO brand_settings (team_id, primary_color, secondary_color, accent_color, brand_voice, guidelines, updated_by) VALUES 
(1, '#3b82f6', '#10b981', '#f59e0b', 'ูุฏูุฏ ููููู ููููุฏ', 'ูุญู ูุชุจุน ููุฌุงู ุงุญุชุฑุงููุงู ูู ุงูุชูุงุตู ูุน ุงูุนููุงุก ูุน ุงูุญูุงุธ ุนูู ุทุงุจุน ูุฏูุฏ ููููุฏ. ูุณุชุฎุฏู ุงููุบุฉ ุงูุนุฑุจูุฉ ุงููุตุญู ุงููุจุณุทุฉ.', 1);